{
  "config": {
    "languages": [
      "ta"
    ],
    "tasks": [
      "xnli",
      "qa"
    ],
    "n_samples": 30,
    "k": 3
  },
  "evaluations": [
    {
      "model": "base_model",
      "language": "ta",
      "task": "xnli",
      "n_samples": 30,
      "k": 3,
      "mean_score": 0.3987257828315099,
      "std_score": 0.061620866797370284,
      "min_score": 0.3029875159263611,
      "max_score": 0.5621623992919922
    },
    {
      "model": "base_model",
      "language": "ta",
      "task": "qa",
      "n_samples": 30,
      "k": 3,
      "mean_score": 0.39466349515650007,
      "std_score": 0.022303543143840594,
      "min_score": 0.3460320234298706,
      "max_score": 0.47268790006637573
    },
    {
      "model": "clitssa_ta_xnli",
      "language": "ta",
      "task": "xnli",
      "n_samples": 30,
      "k": 3,
      "mean_score": 0.6984917344318495,
      "std_score": 0.16058716281298646,
      "min_score": 0.1973850578069687,
      "max_score": 0.8982150554656982
    },
    {
      "model": "clitssa_ta_qa",
      "language": "ta",
      "task": "qa",
      "n_samples": 30,
      "k": 3,
      "mean_score": 0.7110105517837736,
      "std_score": 0.15214125384202448,
      "min_score": 0.2717249393463135,
      "max_score": 0.9506813287734985
    }
  ]
}